None,MelnickSG[0],AMPA_DynSyn[0],0.1,5.0,0.0,MelnickSG[0].dend(0.51),0.00097067,1.0
None,MelnickSG[0],AMPA_DynSyn[1],0.1,5.0,0.0,MelnickSG[0].dend(0.51),0.00097067,1.0
None,MelnickSG[0],AMPA_DynSyn[2],0.1,5.0,0.0,MelnickSG[0].dend(0.51),0.00097067,1.0
None,MelnickSG[0],AMPA_DynSyn[3],0.1,5.0,0.0,MelnickSG[0].dend(0.51),0.00097067,1.0
None,MelnickSG[0],AMPA_DynSyn[4],0.1,5.0,0.0,MelnickSG[0].dend(0.51),0.00097067,1.0
None,MelnickSG[0],AMPA_DynSyn[5],0.1,5.0,0.0,MelnickSG[0].dend(0.51),0.00097067,1.0
None,MelnickSG[0],AMPA_DynSyn[6],0.1,5.0,0.0,MelnickSG[0].dend(0.51),0.00097067,1.0
None,MelnickSG[0],AMPA_DynSyn[7],0.1,5.0,0.0,MelnickSG[0].dend(0.51),0.00097067,1.0
None,MelnickSG[0],AMPA_DynSyn[8],0.1,5.0,0.0,MelnickSG[0].dend(0.51),0.00097067,1.0
None,MelnickSG[0],AMPA_DynSyn[9],0.1,5.0,0.0,MelnickSG[0].dend(0.51),0.00097067,1.0
None,MelnickSG[0],AMPA_DynSyn[10],0.1,5.0,0.0,MelnickSG[0].dend(0.51),0.00097067,1.0
None,MelnickSG[0],AMPA_DynSyn[11],0.1,5.0,0.0,MelnickSG[0].dend(0.51),0.00097067,1.0
None,MelnickSG[0],AMPA_DynSyn[12],0.1,5.0,0.0,MelnickSG[0].dend(0.51),0.00097067,1.0
None,MelnickSG[0],AMPA_DynSyn[13],0.1,5.0,0.0,MelnickSG[0].dend(0.51),0.00097067,1.0
None,MelnickSG[0],AMPA_DynSyn[14],0.1,5.0,0.0,MelnickSG[0].dend(0.51),0.00097067,1.0
None,AguiarWDR[0],AMPA_DynSyn[90],0.1,5.0,0.0,AguiarWDR[0].dend(0.5),0.0016,1.0
None,AguiarWDR[0],AMPA_DynSyn[91],0.1,5.0,0.0,AguiarWDR[0].dend(0.5),0.0016,1.0
None,AguiarWDR[0],AMPA_DynSyn[92],0.1,5.0,0.0,AguiarWDR[0].dend(0.5),0.0016,1.0
None,AguiarWDR[0],AMPA_DynSyn[93],0.1,5.0,0.0,AguiarWDR[0].dend(0.5),0.0016,1.0
None,AguiarWDR[0],AMPA_DynSyn[94],0.1,5.0,0.0,AguiarWDR[0].dend(0.5),0.0016,1.0
None,AguiarWDR[0],AMPA_DynSyn[95],0.1,5.0,0.0,AguiarWDR[0].dend(0.5),0.0016,1.0
None,AguiarWDR[0],AMPA_DynSyn[96],0.1,5.0,0.0,AguiarWDR[0].dend(0.5),0.0016,1.0
None,AguiarWDR[0],AMPA_DynSyn[97],0.1,5.0,0.0,AguiarWDR[0].dend(0.5),0.0016,1.0
None,AguiarWDR[0],AMPA_DynSyn[98],0.1,5.0,0.0,AguiarWDR[0].dend(0.5),0.0016,1.0
None,AguiarWDR[0],AMPA_DynSyn[99],0.1,5.0,0.0,AguiarWDR[0].dend(0.5),0.0016,1.0
None,AguiarWDR[0],AMPA_DynSyn[100],0.1,5.0,0.0,AguiarWDR[0].dend(0.5),0.0016,1.0
None,AguiarWDR[0],AMPA_DynSyn[101],0.1,5.0,0.0,AguiarWDR[0].dend(0.5),0.0016,1.0
None,AguiarWDR[0],AMPA_DynSyn[102],0.1,5.0,0.0,AguiarWDR[0].dend(0.5),0.0016,1.0
None,AguiarWDR[0],AMPA_DynSyn[103],0.1,5.0,0.0,AguiarWDR[0].dend(0.5),0.0016,1.0
None,AguiarWDR[0],AMPA_DynSyn[104],0.1,5.0,0.0,AguiarWDR[0].dend(0.5),0.0016,1.0
None,AguiarWDR[0],NMDA_DynSyn[30],2.0,100.0,0.0,AguiarWDR[0].dend(0.5),6.6667e-05,1.0
None,AguiarWDR[0],NMDA_DynSyn[31],2.0,100.0,0.0,AguiarWDR[0].dend(0.5),6.6667e-05,1.0
None,AguiarWDR[0],NMDA_DynSyn[32],2.0,100.0,0.0,AguiarWDR[0].dend(0.5),6.6667e-05,1.0
None,AguiarWDR[0],NMDA_DynSyn[33],2.0,100.0,0.0,AguiarWDR[0].dend(0.5),6.6667e-05,1.0
None,AguiarWDR[0],NMDA_DynSyn[34],2.0,100.0,0.0,AguiarWDR[0].dend(0.5),6.6667e-05,1.0
None,AguiarWDR[0],NMDA_DynSyn[35],2.0,100.0,0.0,AguiarWDR[0].dend(0.5),6.6667e-05,1.0
None,AguiarWDR[0],NMDA_DynSyn[36],2.0,100.0,0.0,AguiarWDR[0].dend(0.5),6.6667e-05,1.0
None,AguiarWDR[0],NMDA_DynSyn[37],2.0,100.0,0.0,AguiarWDR[0].dend(0.5),6.6667e-05,1.0
None,AguiarWDR[0],NMDA_DynSyn[38],2.0,100.0,0.0,AguiarWDR[0].dend(0.5),6.6667e-05,1.0
None,AguiarWDR[0],NMDA_DynSyn[39],2.0,100.0,0.0,AguiarWDR[0].dend(0.5),6.6667e-05,1.0
None,AguiarWDR[0],NMDA_DynSyn[40],2.0,100.0,0.0,AguiarWDR[0].dend(0.5),6.6667e-05,1.0
None,AguiarWDR[0],NMDA_DynSyn[41],2.0,100.0,0.0,AguiarWDR[0].dend(0.5),6.6667e-05,1.0
None,AguiarWDR[0],NMDA_DynSyn[42],2.0,100.0,0.0,AguiarWDR[0].dend(0.5),6.6667e-05,1.0
None,AguiarWDR[0],NMDA_DynSyn[43],2.0,100.0,0.0,AguiarWDR[0].dend(0.5),6.6667e-05,1.0
None,AguiarWDR[0],NMDA_DynSyn[44],2.0,100.0,0.0,AguiarWDR[0].dend(0.5),6.6667e-05,1.0
None,MelnickSG[0],AMPA_DynSyn[15],0.1,5.0,0.0,MelnickSG[0].dend(0.51),0.0,1.0
None,MelnickSG[0],AMPA_DynSyn[16],0.1,5.0,0.0,MelnickSG[0].dend(0.51),0.0,1.0
None,MelnickSG[0],AMPA_DynSyn[17],0.1,5.0,0.0,MelnickSG[0].dend(0.51),0.0,1.0
None,MelnickSG[0],AMPA_DynSyn[18],0.1,5.0,0.0,MelnickSG[0].dend(0.51),0.0,1.0
None,MelnickSG[0],AMPA_DynSyn[19],0.1,5.0,0.0,MelnickSG[0].dend(0.51),0.0,1.0
None,MelnickSG[0],AMPA_DynSyn[20],0.1,5.0,0.0,MelnickSG[0].dend(0.51),0.0,1.0
None,MelnickSG[0],AMPA_DynSyn[21],0.1,5.0,0.0,MelnickSG[0].dend(0.51),0.0,1.0
None,MelnickSG[0],AMPA_DynSyn[22],0.1,5.0,0.0,MelnickSG[0].dend(0.51),0.0,1.0
None,MelnickSG[0],AMPA_DynSyn[23],0.1,5.0,0.0,MelnickSG[0].dend(0.51),0.0,1.0
None,MelnickSG[0],AMPA_DynSyn[24],0.1,5.0,0.0,MelnickSG[0].dend(0.51),0.0,1.0
None,MelnickSG[0],AMPA_DynSyn[25],0.1,5.0,0.0,MelnickSG[0].dend(0.51),0.0,1.0
None,MelnickSG[0],AMPA_DynSyn[26],0.1,5.0,0.0,MelnickSG[0].dend(0.51),0.0,1.0
None,MelnickSG[0],AMPA_DynSyn[27],0.1,5.0,0.0,MelnickSG[0].dend(0.51),0.0,1.0
None,MelnickSG[0],AMPA_DynSyn[28],0.1,5.0,0.0,MelnickSG[0].dend(0.51),0.0,1.0
None,MelnickSG[0],AMPA_DynSyn[29],0.1,5.0,0.0,MelnickSG[0].dend(0.51),0.0,1.0
None,AguiarWDR[0],AMPA_DynSyn[105],0.1,5.0,0.0,AguiarWDR[0].dend(0.5),0.0016,1.0
None,AguiarWDR[0],AMPA_DynSyn[106],0.1,5.0,0.0,AguiarWDR[0].dend(0.5),0.0016,1.0
None,AguiarWDR[0],AMPA_DynSyn[107],0.1,5.0,0.0,AguiarWDR[0].dend(0.5),0.0016,1.0
None,AguiarWDR[0],AMPA_DynSyn[108],0.1,5.0,0.0,AguiarWDR[0].dend(0.5),0.0016,1.0
None,AguiarWDR[0],AMPA_DynSyn[109],0.1,5.0,0.0,AguiarWDR[0].dend(0.5),0.0016,1.0
None,AguiarWDR[0],AMPA_DynSyn[110],0.1,5.0,0.0,AguiarWDR[0].dend(0.5),0.0016,1.0
None,AguiarWDR[0],AMPA_DynSyn[111],0.1,5.0,0.0,AguiarWDR[0].dend(0.5),0.0016,1.0
None,AguiarWDR[0],AMPA_DynSyn[112],0.1,5.0,0.0,AguiarWDR[0].dend(0.5),0.0016,1.0
None,AguiarWDR[0],AMPA_DynSyn[113],0.1,5.0,0.0,AguiarWDR[0].dend(0.5),0.0016,1.0
None,AguiarWDR[0],AMPA_DynSyn[114],0.1,5.0,0.0,AguiarWDR[0].dend(0.5),0.0016,1.0
None,AguiarWDR[0],AMPA_DynSyn[115],0.1,5.0,0.0,AguiarWDR[0].dend(0.5),0.0016,1.0
None,AguiarWDR[0],AMPA_DynSyn[116],0.1,5.0,0.0,AguiarWDR[0].dend(0.5),0.0016,1.0
None,AguiarWDR[0],AMPA_DynSyn[117],0.1,5.0,0.0,AguiarWDR[0].dend(0.5),0.0016,1.0
None,AguiarWDR[0],AMPA_DynSyn[118],0.1,5.0,0.0,AguiarWDR[0].dend(0.5),0.0016,1.0
None,AguiarWDR[0],AMPA_DynSyn[119],0.1,5.0,0.0,AguiarWDR[0].dend(0.5),0.0016,1.0
None,AguiarWDR[0],NMDA_DynSyn[45],2.0,100.0,0.0,AguiarWDR[0].dend(0.5),6.6667e-05,1.0
None,AguiarWDR[0],NMDA_DynSyn[46],2.0,100.0,0.0,AguiarWDR[0].dend(0.5),6.6667e-05,1.0
None,AguiarWDR[0],NMDA_DynSyn[47],2.0,100.0,0.0,AguiarWDR[0].dend(0.5),6.6667e-05,1.0
None,AguiarWDR[0],NMDA_DynSyn[48],2.0,100.0,0.0,AguiarWDR[0].dend(0.5),6.6667e-05,1.0
None,AguiarWDR[0],NMDA_DynSyn[49],2.0,100.0,0.0,AguiarWDR[0].dend(0.5),6.6667e-05,1.0
None,AguiarWDR[0],NMDA_DynSyn[50],2.0,100.0,0.0,AguiarWDR[0].dend(0.5),6.6667e-05,1.0
None,AguiarWDR[0],NMDA_DynSyn[51],2.0,100.0,0.0,AguiarWDR[0].dend(0.5),6.6667e-05,1.0
None,AguiarWDR[0],NMDA_DynSyn[52],2.0,100.0,0.0,AguiarWDR[0].dend(0.5),6.6667e-05,1.0
None,AguiarWDR[0],NMDA_DynSyn[53],2.0,100.0,0.0,AguiarWDR[0].dend(0.5),6.6667e-05,1.0
None,AguiarWDR[0],NMDA_DynSyn[54],2.0,100.0,0.0,AguiarWDR[0].dend(0.5),6.6667e-05,1.0
None,AguiarWDR[0],NMDA_DynSyn[55],2.0,100.0,0.0,AguiarWDR[0].dend(0.5),6.6667e-05,1.0
None,AguiarWDR[0],NMDA_DynSyn[56],2.0,100.0,0.0,AguiarWDR[0].dend(0.5),6.6667e-05,1.0
None,AguiarWDR[0],NMDA_DynSyn[57],2.0,100.0,0.0,AguiarWDR[0].dend(0.5),6.6667e-05,1.0
None,AguiarWDR[0],NMDA_DynSyn[58],2.0,100.0,0.0,AguiarWDR[0].dend(0.5),6.6667e-05,1.0
None,AguiarWDR[0],NMDA_DynSyn[59],2.0,100.0,0.0,AguiarWDR[0].dend(0.5),6.6667e-05,1.0
None,MelnickSG[1],AMPA_DynSyn[30],0.1,5.0,0.0,MelnickSG[1].dend(0.51),0.0013333,1.0
None,MelnickSG[1],AMPA_DynSyn[31],0.1,5.0,0.0,MelnickSG[1].dend(0.51),0.0013333,1.0
None,MelnickSG[1],AMPA_DynSyn[32],0.1,5.0,0.0,MelnickSG[1].dend(0.51),0.0013333,1.0
None,MelnickSG[1],AMPA_DynSyn[33],0.1,5.0,0.0,MelnickSG[1].dend(0.51),0.0013333,1.0
None,MelnickSG[1],AMPA_DynSyn[34],0.1,5.0,0.0,MelnickSG[1].dend(0.51),0.0013333,1.0
None,MelnickSG[1],AMPA_DynSyn[35],0.1,5.0,0.0,MelnickSG[1].dend(0.51),0.0013333,1.0
None,MelnickSG[1],AMPA_DynSyn[36],0.1,5.0,0.0,MelnickSG[1].dend(0.51),0.0013333,1.0
None,MelnickSG[1],AMPA_DynSyn[37],0.1,5.0,0.0,MelnickSG[1].dend(0.51),0.0013333,1.0
None,MelnickSG[1],AMPA_DynSyn[38],0.1,5.0,0.0,MelnickSG[1].dend(0.51),0.0013333,1.0
None,MelnickSG[1],AMPA_DynSyn[39],0.1,5.0,0.0,MelnickSG[1].dend(0.51),0.0013333,1.0
None,MelnickSG[1],AMPA_DynSyn[40],0.1,5.0,0.0,MelnickSG[1].dend(0.51),0.0013333,1.0
None,MelnickSG[1],AMPA_DynSyn[41],0.1,5.0,0.0,MelnickSG[1].dend(0.51),0.0013333,1.0
None,MelnickSG[1],AMPA_DynSyn[42],0.1,5.0,0.0,MelnickSG[1].dend(0.51),0.0013333,1.0
None,MelnickSG[1],AMPA_DynSyn[43],0.1,5.0,0.0,MelnickSG[1].dend(0.51),0.0013333,1.0
None,MelnickSG[1],AMPA_DynSyn[44],0.1,5.0,0.0,MelnickSG[1].dend(0.51),0.0013333,1.0
None,AguiarIN[0],AMPA_DynSyn[60],0.1,5.0,0.0,AguiarIN[0].dend(0.5),0.008,1.0
None,AguiarIN[0],AMPA_DynSyn[61],0.1,5.0,0.0,AguiarIN[0].dend(0.5),0.008,1.0
None,AguiarIN[0],AMPA_DynSyn[62],0.1,5.0,0.0,AguiarIN[0].dend(0.5),0.008,1.0
None,AguiarIN[0],AMPA_DynSyn[63],0.1,5.0,0.0,AguiarIN[0].dend(0.5),0.008,1.0
None,AguiarIN[0],AMPA_DynSyn[64],0.1,5.0,0.0,AguiarIN[0].dend(0.5),0.008,1.0
None,AguiarIN[0],AMPA_DynSyn[65],0.1,5.0,0.0,AguiarIN[0].dend(0.5),0.008,1.0
None,AguiarIN[0],AMPA_DynSyn[66],0.1,5.0,0.0,AguiarIN[0].dend(0.5),0.008,1.0
None,AguiarIN[0],AMPA_DynSyn[67],0.1,5.0,0.0,AguiarIN[0].dend(0.5),0.008,1.0
None,AguiarIN[0],AMPA_DynSyn[68],0.1,5.0,0.0,AguiarIN[0].dend(0.5),0.008,1.0
None,AguiarIN[0],AMPA_DynSyn[69],0.1,5.0,0.0,AguiarIN[0].dend(0.5),0.008,1.0
None,AguiarIN[0],AMPA_DynSyn[70],0.1,5.0,0.0,AguiarIN[0].dend(0.5),0.008,1.0
None,AguiarIN[0],AMPA_DynSyn[71],0.1,5.0,0.0,AguiarIN[0].dend(0.5),0.008,1.0
None,AguiarIN[0],AMPA_DynSyn[72],0.1,5.0,0.0,AguiarIN[0].dend(0.5),0.008,1.0
None,AguiarIN[0],AMPA_DynSyn[73],0.1,5.0,0.0,AguiarIN[0].dend(0.5),0.008,1.0
None,AguiarIN[0],AMPA_DynSyn[74],0.1,5.0,0.0,AguiarIN[0].dend(0.5),0.008,1.0
None,AguiarIN[0],AMPA_DynSyn[75],0.1,5.0,0.0,AguiarIN[0].dend(0.5),0.008,1.0
None,AguiarIN[0],AMPA_DynSyn[76],0.1,5.0,0.0,AguiarIN[0].dend(0.5),0.008,1.0
None,AguiarIN[0],AMPA_DynSyn[77],0.1,5.0,0.0,AguiarIN[0].dend(0.5),0.008,1.0
None,AguiarIN[0],AMPA_DynSyn[78],0.1,5.0,0.0,AguiarIN[0].dend(0.5),0.008,1.0
None,AguiarIN[0],AMPA_DynSyn[79],0.1,5.0,0.0,AguiarIN[0].dend(0.5),0.008,1.0
None,AguiarIN[0],AMPA_DynSyn[80],0.1,5.0,0.0,AguiarIN[0].dend(0.5),0.008,1.0
None,AguiarIN[0],AMPA_DynSyn[81],0.1,5.0,0.0,AguiarIN[0].dend(0.5),0.008,1.0
None,AguiarIN[0],AMPA_DynSyn[82],0.1,5.0,0.0,AguiarIN[0].dend(0.5),0.008,1.0
None,AguiarIN[0],AMPA_DynSyn[83],0.1,5.0,0.0,AguiarIN[0].dend(0.5),0.008,1.0
None,AguiarIN[0],AMPA_DynSyn[84],0.1,5.0,0.0,AguiarIN[0].dend(0.5),0.008,1.0
None,AguiarIN[0],AMPA_DynSyn[85],0.1,5.0,0.0,AguiarIN[0].dend(0.5),0.008,1.0
None,AguiarIN[0],AMPA_DynSyn[86],0.1,5.0,0.0,AguiarIN[0].dend(0.5),0.008,1.0
None,AguiarIN[0],AMPA_DynSyn[87],0.1,5.0,0.0,AguiarIN[0].dend(0.5),0.008,1.0
None,AguiarIN[0],AMPA_DynSyn[88],0.1,5.0,0.0,AguiarIN[0].dend(0.5),0.008,1.0
None,AguiarIN[0],AMPA_DynSyn[89],0.1,5.0,0.0,AguiarIN[0].dend(0.5),0.008,1.0
None,AguiarIN[0],NMDA_DynSyn[0],2.0,100.0,0.0,AguiarIN[0].dend(0.5),0.004,1.0
None,AguiarIN[0],NMDA_DynSyn[1],2.0,100.0,0.0,AguiarIN[0].dend(0.5),0.004,1.0
None,AguiarIN[0],NMDA_DynSyn[2],2.0,100.0,0.0,AguiarIN[0].dend(0.5),0.004,1.0
None,AguiarIN[0],NMDA_DynSyn[3],2.0,100.0,0.0,AguiarIN[0].dend(0.5),0.004,1.0
None,AguiarIN[0],NMDA_DynSyn[4],2.0,100.0,0.0,AguiarIN[0].dend(0.5),0.004,1.0
None,AguiarIN[0],NMDA_DynSyn[5],2.0,100.0,0.0,AguiarIN[0].dend(0.5),0.004,1.0
None,AguiarIN[0],NMDA_DynSyn[6],2.0,100.0,0.0,AguiarIN[0].dend(0.5),0.004,1.0
None,AguiarIN[0],NMDA_DynSyn[7],2.0,100.0,0.0,AguiarIN[0].dend(0.5),0.004,1.0
None,AguiarIN[0],NMDA_DynSyn[8],2.0,100.0,0.0,AguiarIN[0].dend(0.5),0.004,1.0
None,AguiarIN[0],NMDA_DynSyn[9],2.0,100.0,0.0,AguiarIN[0].dend(0.5),0.004,1.0
None,AguiarIN[0],NMDA_DynSyn[10],2.0,100.0,0.0,AguiarIN[0].dend(0.5),0.004,1.0
None,AguiarIN[0],NMDA_DynSyn[11],2.0,100.0,0.0,AguiarIN[0].dend(0.5),0.004,1.0
None,AguiarIN[0],NMDA_DynSyn[12],2.0,100.0,0.0,AguiarIN[0].dend(0.5),0.004,1.0
None,AguiarIN[0],NMDA_DynSyn[13],2.0,100.0,0.0,AguiarIN[0].dend(0.5),0.004,1.0
None,AguiarIN[0],NMDA_DynSyn[14],2.0,100.0,0.0,AguiarIN[0].dend(0.5),0.004,1.0
None,AguiarIN[0],NMDA_DynSyn[15],2.0,100.0,0.0,AguiarIN[0].dend(0.5),0.004,1.0
None,AguiarIN[0],NMDA_DynSyn[16],2.0,100.0,0.0,AguiarIN[0].dend(0.5),0.004,1.0
None,AguiarIN[0],NMDA_DynSyn[17],2.0,100.0,0.0,AguiarIN[0].dend(0.5),0.004,1.0
None,AguiarIN[0],NMDA_DynSyn[18],2.0,100.0,0.0,AguiarIN[0].dend(0.5),0.004,1.0
None,AguiarIN[0],NMDA_DynSyn[19],2.0,100.0,0.0,AguiarIN[0].dend(0.5),0.004,1.0
None,AguiarIN[0],NMDA_DynSyn[20],2.0,100.0,0.0,AguiarIN[0].dend(0.5),0.004,1.0
None,AguiarIN[0],NMDA_DynSyn[21],2.0,100.0,0.0,AguiarIN[0].dend(0.5),0.004,1.0
None,AguiarIN[0],NMDA_DynSyn[22],2.0,100.0,0.0,AguiarIN[0].dend(0.5),0.004,1.0
None,AguiarIN[0],NMDA_DynSyn[23],2.0,100.0,0.0,AguiarIN[0].dend(0.5),0.004,1.0
None,AguiarIN[0],NMDA_DynSyn[24],2.0,100.0,0.0,AguiarIN[0].dend(0.5),0.004,1.0
None,AguiarIN[0],NMDA_DynSyn[25],2.0,100.0,0.0,AguiarIN[0].dend(0.5),0.004,1.0
None,AguiarIN[0],NMDA_DynSyn[26],2.0,100.0,0.0,AguiarIN[0].dend(0.5),0.004,1.0
None,AguiarIN[0],NMDA_DynSyn[27],2.0,100.0,0.0,AguiarIN[0].dend(0.5),0.004,1.0
None,AguiarIN[0],NMDA_DynSyn[28],2.0,100.0,0.0,AguiarIN[0].dend(0.5),0.004,1.0
None,AguiarIN[0],NMDA_DynSyn[29],2.0,100.0,0.0,AguiarIN[0].dend(0.5),0.004,1.0
None,AguiarIN[0],NK1_DynSyn[0],100.0,3000.0,0.0,AguiarIN[0].dend(0.5),6.6667e-07,1.0
None,AguiarIN[0],NK1_DynSyn[1],100.0,3000.0,0.0,AguiarIN[0].dend(0.5),6.6667e-07,1.0
None,AguiarIN[0],NK1_DynSyn[2],100.0,3000.0,0.0,AguiarIN[0].dend(0.5),6.6667e-07,1.0
None,AguiarIN[0],NK1_DynSyn[3],100.0,3000.0,0.0,AguiarIN[0].dend(0.5),6.6667e-07,1.0
None,AguiarIN[0],NK1_DynSyn[4],100.0,3000.0,0.0,AguiarIN[0].dend(0.5),6.6667e-07,1.0
None,AguiarIN[0],NK1_DynSyn[5],100.0,3000.0,0.0,AguiarIN[0].dend(0.5),6.6667e-07,1.0
None,AguiarIN[0],NK1_DynSyn[6],100.0,3000.0,0.0,AguiarIN[0].dend(0.5),6.6667e-07,1.0
None,AguiarIN[0],NK1_DynSyn[7],100.0,3000.0,0.0,AguiarIN[0].dend(0.5),6.6667e-07,1.0
None,AguiarIN[0],NK1_DynSyn[8],100.0,3000.0,0.0,AguiarIN[0].dend(0.5),6.6667e-07,1.0
None,AguiarIN[0],NK1_DynSyn[9],100.0,3000.0,0.0,AguiarIN[0].dend(0.5),6.6667e-07,1.0
None,AguiarIN[0],NK1_DynSyn[10],100.0,3000.0,0.0,AguiarIN[0].dend(0.5),6.6667e-07,1.0
None,AguiarIN[0],NK1_DynSyn[11],100.0,3000.0,0.0,AguiarIN[0].dend(0.5),6.6667e-07,1.0
None,AguiarIN[0],NK1_DynSyn[12],100.0,3000.0,0.0,AguiarIN[0].dend(0.5),6.6667e-07,1.0
None,AguiarIN[0],NK1_DynSyn[13],100.0,3000.0,0.0,AguiarIN[0].dend(0.5),6.6667e-07,1.0
None,AguiarIN[0],NK1_DynSyn[14],100.0,3000.0,0.0,AguiarIN[0].dend(0.5),6.6667e-07,1.0
None,AguiarIN[0],NK1_DynSyn[15],100.0,3000.0,0.0,AguiarIN[0].dend(0.5),6.6667e-07,1.0
None,AguiarIN[0],NK1_DynSyn[16],100.0,3000.0,0.0,AguiarIN[0].dend(0.5),6.6667e-07,1.0
None,AguiarIN[0],NK1_DynSyn[17],100.0,3000.0,0.0,AguiarIN[0].dend(0.5),6.6667e-07,1.0
None,AguiarIN[0],NK1_DynSyn[18],100.0,3000.0,0.0,AguiarIN[0].dend(0.5),6.6667e-07,1.0
None,AguiarIN[0],NK1_DynSyn[19],100.0,3000.0,0.0,AguiarIN[0].dend(0.5),6.6667e-07,1.0
None,AguiarIN[0],NK1_DynSyn[20],100.0,3000.0,0.0,AguiarIN[0].dend(0.5),6.6667e-07,1.0
None,AguiarIN[0],NK1_DynSyn[21],100.0,3000.0,0.0,AguiarIN[0].dend(0.5),6.6667e-07,1.0
None,AguiarIN[0],NK1_DynSyn[22],100.0,3000.0,0.0,AguiarIN[0].dend(0.5),6.6667e-07,1.0
None,AguiarIN[0],NK1_DynSyn[23],100.0,3000.0,0.0,AguiarIN[0].dend(0.5),6.6667e-07,1.0
None,AguiarIN[0],NK1_DynSyn[24],100.0,3000.0,0.0,AguiarIN[0].dend(0.5),6.6667e-07,1.0
None,AguiarIN[0],NK1_DynSyn[25],100.0,3000.0,0.0,AguiarIN[0].dend(0.5),6.6667e-07,1.0
None,AguiarIN[0],NK1_DynSyn[26],100.0,3000.0,0.0,AguiarIN[0].dend(0.5),6.6667e-07,1.0
None,AguiarIN[0],NK1_DynSyn[27],100.0,3000.0,0.0,AguiarIN[0].dend(0.5),6.6667e-07,1.0
None,AguiarIN[0],NK1_DynSyn[28],100.0,3000.0,0.0,AguiarIN[0].dend(0.5),6.6667e-07,1.0
None,AguiarIN[0],NK1_DynSyn[29],100.0,3000.0,0.0,AguiarIN[0].dend(0.5),6.6667e-07,1.0
None,AguiarWDR[0],NK1_DynSyn[30],200.0,3000.0,0.0,AguiarWDR[0].dend(0.5),4.5e-07,1.0
None,AguiarWDR[0],NK1_DynSyn[31],200.0,3000.0,0.0,AguiarWDR[0].dend(0.5),4.5e-07,1.0
None,AguiarWDR[0],NK1_DynSyn[32],200.0,3000.0,0.0,AguiarWDR[0].dend(0.5),4.5e-07,1.0
None,AguiarWDR[0],NK1_DynSyn[33],200.0,3000.0,0.0,AguiarWDR[0].dend(0.5),4.5e-07,1.0
None,AguiarWDR[0],NK1_DynSyn[34],200.0,3000.0,0.0,AguiarWDR[0].dend(0.5),4.5e-07,1.0
None,AguiarWDR[0],NK1_DynSyn[35],200.0,3000.0,0.0,AguiarWDR[0].dend(0.5),4.5e-07,1.0
None,AguiarWDR[0],NK1_DynSyn[36],200.0,3000.0,0.0,AguiarWDR[0].dend(0.5),4.5e-07,1.0
None,AguiarWDR[0],NK1_DynSyn[37],200.0,3000.0,0.0,AguiarWDR[0].dend(0.5),4.5e-07,1.0
None,AguiarWDR[0],NK1_DynSyn[38],200.0,3000.0,0.0,AguiarWDR[0].dend(0.5),4.5e-07,1.0
None,AguiarWDR[0],NK1_DynSyn[39],200.0,3000.0,0.0,AguiarWDR[0].dend(0.5),4.5e-07,1.0
None,AguiarWDR[0],NK1_DynSyn[40],200.0,3000.0,0.0,AguiarWDR[0].dend(0.5),4.5e-07,1.0
None,AguiarWDR[0],NK1_DynSyn[41],200.0,3000.0,0.0,AguiarWDR[0].dend(0.5),4.5e-07,1.0
None,AguiarWDR[0],NK1_DynSyn[42],200.0,3000.0,0.0,AguiarWDR[0].dend(0.5),4.5e-07,1.0
None,AguiarWDR[0],NK1_DynSyn[43],200.0,3000.0,0.0,AguiarWDR[0].dend(0.5),4.5e-07,1.0
None,AguiarWDR[0],NK1_DynSyn[44],200.0,3000.0,0.0,AguiarWDR[0].dend(0.5),4.5e-07,1.0
None,AguiarWDR[0],NK1_DynSyn[45],200.0,3000.0,0.0,AguiarWDR[0].dend(0.5),4.5e-07,1.0
None,AguiarWDR[0],NK1_DynSyn[46],200.0,3000.0,0.0,AguiarWDR[0].dend(0.5),4.5e-07,1.0
None,AguiarWDR[0],NK1_DynSyn[47],200.0,3000.0,0.0,AguiarWDR[0].dend(0.5),4.5e-07,1.0
None,AguiarWDR[0],NK1_DynSyn[48],200.0,3000.0,0.0,AguiarWDR[0].dend(0.5),4.5e-07,1.0
None,AguiarWDR[0],NK1_DynSyn[49],200.0,3000.0,0.0,AguiarWDR[0].dend(0.5),4.5e-07,1.0
None,AguiarWDR[0],NK1_DynSyn[50],200.0,3000.0,0.0,AguiarWDR[0].dend(0.5),4.5e-07,1.0
None,AguiarWDR[0],NK1_DynSyn[51],200.0,3000.0,0.0,AguiarWDR[0].dend(0.5),4.5e-07,1.0
None,AguiarWDR[0],NK1_DynSyn[52],200.0,3000.0,0.0,AguiarWDR[0].dend(0.5),4.5e-07,1.0
None,AguiarWDR[0],NK1_DynSyn[53],200.0,3000.0,0.0,AguiarWDR[0].dend(0.5),4.5e-07,1.0
None,AguiarWDR[0],NK1_DynSyn[54],200.0,3000.0,0.0,AguiarWDR[0].dend(0.5),4.5e-07,1.0
None,AguiarWDR[0],NK1_DynSyn[55],200.0,3000.0,0.0,AguiarWDR[0].dend(0.5),4.5e-07,1.0
None,AguiarWDR[0],NK1_DynSyn[56],200.0,3000.0,0.0,AguiarWDR[0].dend(0.5),4.5e-07,1.0
None,AguiarWDR[0],NK1_DynSyn[57],200.0,3000.0,0.0,AguiarWDR[0].dend(0.5),4.5e-07,1.0
None,AguiarWDR[0],NK1_DynSyn[58],200.0,3000.0,0.0,AguiarWDR[0].dend(0.5),4.5e-07,1.0
None,AguiarWDR[0],NK1_DynSyn[59],200.0,3000.0,0.0,AguiarWDR[0].dend(0.5),4.5e-07,1.0
MelnickSG[0],AguiarIN[0],GABAa_DynSyn[0],0.1,20.0,-70.0,AguiarIN[0].dend(0.5),0.00532,1.0
AguiarIN[0],AguiarWDR[0],AMPA_DynSyn[120],0.1,5.0,0.0,AguiarWDR[0].dend(0.5),1.2e-05,1.0
AguiarIN[0],AguiarWDR[0],AMPA_DynSyn[121],0.1,5.0,0.0,AguiarWDR[0].dend(0.5),1.2e-05,1.0
AguiarIN[0],AguiarWDR[0],AMPA_DynSyn[122],0.1,5.0,0.0,AguiarWDR[0].dend(0.5),1.2e-05,1.0
AguiarIN[0],AguiarWDR[0],AMPA_DynSyn[123],0.1,5.0,0.0,AguiarWDR[0].dend(0.5),1.2e-05,1.0
AguiarIN[0],AguiarWDR[0],AMPA_DynSyn[124],0.1,5.0,0.0,AguiarWDR[0].dend(0.5),1.2e-05,1.0
AguiarIN[0],AguiarWDR[0],AMPA_DynSyn[125],0.1,5.0,0.0,AguiarWDR[0].dend(0.5),1.2e-05,1.0
AguiarIN[0],AguiarWDR[0],AMPA_DynSyn[126],0.1,5.0,0.0,AguiarWDR[0].dend(0.5),1.2e-05,1.0
AguiarIN[0],AguiarWDR[0],AMPA_DynSyn[127],0.1,5.0,0.0,AguiarWDR[0].dend(0.5),1.2e-05,1.0
AguiarIN[0],AguiarWDR[0],AMPA_DynSyn[128],0.1,5.0,0.0,AguiarWDR[0].dend(0.5),1.2e-05,1.0
AguiarIN[0],AguiarWDR[0],AMPA_DynSyn[129],0.1,5.0,0.0,AguiarWDR[0].dend(0.5),1.2e-05,1.0
AguiarIN[0],AguiarWDR[0],AMPA_DynSyn[130],0.1,5.0,0.0,AguiarWDR[0].dend(0.5),1.2e-05,1.0
AguiarIN[0],AguiarWDR[0],AMPA_DynSyn[131],0.1,5.0,0.0,AguiarWDR[0].dend(0.5),1.2e-05,1.0
AguiarIN[0],AguiarWDR[0],AMPA_DynSyn[132],0.1,5.0,0.0,AguiarWDR[0].dend(0.5),1.2e-05,1.0
AguiarIN[0],AguiarWDR[0],AMPA_DynSyn[133],0.1,5.0,0.0,AguiarWDR[0].dend(0.5),1.2e-05,1.0
AguiarIN[0],AguiarWDR[0],AMPA_DynSyn[134],0.1,5.0,0.0,AguiarWDR[0].dend(0.5),1.2e-05,1.0
AguiarIN[0],AguiarWDR[0],AMPA_DynSyn[135],0.1,5.0,0.0,AguiarWDR[0].dend(0.5),1.2e-05,1.0
AguiarIN[0],AguiarWDR[0],AMPA_DynSyn[136],0.1,5.0,0.0,AguiarWDR[0].dend(0.5),1.2e-05,1.0
AguiarIN[0],AguiarWDR[0],AMPA_DynSyn[137],0.1,5.0,0.0,AguiarWDR[0].dend(0.5),1.2e-05,1.0
AguiarIN[0],AguiarWDR[0],AMPA_DynSyn[138],0.1,5.0,0.0,AguiarWDR[0].dend(0.5),1.2e-05,1.0
AguiarIN[0],AguiarWDR[0],AMPA_DynSyn[139],0.1,5.0,0.0,AguiarWDR[0].dend(0.5),1.2e-05,1.0
AguiarIN[0],AguiarWDR[0],AMPA_DynSyn[140],0.1,5.0,0.0,AguiarWDR[0].dend(0.5),1.2e-05,1.0
AguiarIN[0],AguiarWDR[0],AMPA_DynSyn[141],0.1,5.0,0.0,AguiarWDR[0].dend(0.5),1.2e-05,1.0
AguiarIN[0],AguiarWDR[0],AMPA_DynSyn[142],0.1,5.0,0.0,AguiarWDR[0].dend(0.5),1.2e-05,1.0
AguiarIN[0],AguiarWDR[0],AMPA_DynSyn[143],0.1,5.0,0.0,AguiarWDR[0].dend(0.5),1.2e-05,1.0
AguiarIN[0],AguiarWDR[0],AMPA_DynSyn[144],0.1,5.0,0.0,AguiarWDR[0].dend(0.5),1.2e-05,1.0
AguiarIN[0],AguiarWDR[0],AMPA_DynSyn[145],0.1,5.0,0.0,AguiarWDR[0].dend(0.5),1.2e-05,1.0
AguiarIN[0],AguiarWDR[0],AMPA_DynSyn[146],0.1,5.0,0.0,AguiarWDR[0].dend(0.5),1.2e-05,1.0
AguiarIN[0],AguiarWDR[0],AMPA_DynSyn[147],0.1,5.0,0.0,AguiarWDR[0].dend(0.5),1.2e-05,1.0
AguiarIN[0],AguiarWDR[0],AMPA_DynSyn[148],0.1,5.0,0.0,AguiarWDR[0].dend(0.5),1.2e-05,1.0
AguiarIN[0],AguiarWDR[0],AMPA_DynSyn[149],0.1,5.0,0.0,AguiarWDR[0].dend(0.5),1.2e-05,1.0
AguiarIN[0],AguiarWDR[0],NMDA_DynSyn[60],2.0,100.0,0.0,AguiarWDR[0].dend(0.5),9.6e-06,1.0
AguiarIN[0],AguiarWDR[0],NMDA_DynSyn[61],2.0,100.0,0.0,AguiarWDR[0].dend(0.5),9.6e-06,1.0
AguiarIN[0],AguiarWDR[0],NMDA_DynSyn[62],2.0,100.0,0.0,AguiarWDR[0].dend(0.5),9.6e-06,1.0
AguiarIN[0],AguiarWDR[0],NMDA_DynSyn[63],2.0,100.0,0.0,AguiarWDR[0].dend(0.5),9.6e-06,1.0
AguiarIN[0],AguiarWDR[0],NMDA_DynSyn[64],2.0,100.0,0.0,AguiarWDR[0].dend(0.5),9.6e-06,1.0
AguiarIN[0],AguiarWDR[0],NMDA_DynSyn[65],2.0,100.0,0.0,AguiarWDR[0].dend(0.5),9.6e-06,1.0
AguiarIN[0],AguiarWDR[0],NMDA_DynSyn[66],2.0,100.0,0.0,AguiarWDR[0].dend(0.5),9.6e-06,1.0
AguiarIN[0],AguiarWDR[0],NMDA_DynSyn[67],2.0,100.0,0.0,AguiarWDR[0].dend(0.5),9.6e-06,1.0
AguiarIN[0],AguiarWDR[0],NMDA_DynSyn[68],2.0,100.0,0.0,AguiarWDR[0].dend(0.5),9.6e-06,1.0
AguiarIN[0],AguiarWDR[0],NMDA_DynSyn[69],2.0,100.0,0.0,AguiarWDR[0].dend(0.5),9.6e-06,1.0
AguiarIN[0],AguiarWDR[0],NMDA_DynSyn[70],2.0,100.0,0.0,AguiarWDR[0].dend(0.5),9.6e-06,1.0
AguiarIN[0],AguiarWDR[0],NMDA_DynSyn[71],2.0,100.0,0.0,AguiarWDR[0].dend(0.5),9.6e-06,1.0
AguiarIN[0],AguiarWDR[0],NMDA_DynSyn[72],2.0,100.0,0.0,AguiarWDR[0].dend(0.5),9.6e-06,1.0
AguiarIN[0],AguiarWDR[0],NMDA_DynSyn[73],2.0,100.0,0.0,AguiarWDR[0].dend(0.5),9.6e-06,1.0
AguiarIN[0],AguiarWDR[0],NMDA_DynSyn[74],2.0,100.0,0.0,AguiarWDR[0].dend(0.5),9.6e-06,1.0
AguiarIN[0],AguiarWDR[0],NMDA_DynSyn[75],2.0,100.0,0.0,AguiarWDR[0].dend(0.5),9.6e-06,1.0
AguiarIN[0],AguiarWDR[0],NMDA_DynSyn[76],2.0,100.0,0.0,AguiarWDR[0].dend(0.5),9.6e-06,1.0
AguiarIN[0],AguiarWDR[0],NMDA_DynSyn[77],2.0,100.0,0.0,AguiarWDR[0].dend(0.5),9.6e-06,1.0
AguiarIN[0],AguiarWDR[0],NMDA_DynSyn[78],2.0,100.0,0.0,AguiarWDR[0].dend(0.5),9.6e-06,1.0
AguiarIN[0],AguiarWDR[0],NMDA_DynSyn[79],2.0,100.0,0.0,AguiarWDR[0].dend(0.5),9.6e-06,1.0
AguiarIN[0],AguiarWDR[0],NMDA_DynSyn[80],2.0,100.0,0.0,AguiarWDR[0].dend(0.5),9.6e-06,1.0
AguiarIN[0],AguiarWDR[0],NMDA_DynSyn[81],2.0,100.0,0.0,AguiarWDR[0].dend(0.5),9.6e-06,1.0
AguiarIN[0],AguiarWDR[0],NMDA_DynSyn[82],2.0,100.0,0.0,AguiarWDR[0].dend(0.5),9.6e-06,1.0
AguiarIN[0],AguiarWDR[0],NMDA_DynSyn[83],2.0,100.0,0.0,AguiarWDR[0].dend(0.5),9.6e-06,1.0
AguiarIN[0],AguiarWDR[0],NMDA_DynSyn[84],2.0,100.0,0.0,AguiarWDR[0].dend(0.5),9.6e-06,1.0
AguiarIN[0],AguiarWDR[0],NMDA_DynSyn[85],2.0,100.0,0.0,AguiarWDR[0].dend(0.5),9.6e-06,1.0
AguiarIN[0],AguiarWDR[0],NMDA_DynSyn[86],2.0,100.0,0.0,AguiarWDR[0].dend(0.5),9.6e-06,1.0
AguiarIN[0],AguiarWDR[0],NMDA_DynSyn[87],2.0,100.0,0.0,AguiarWDR[0].dend(0.5),9.6e-06,1.0
AguiarIN[0],AguiarWDR[0],NMDA_DynSyn[88],2.0,100.0,0.0,AguiarWDR[0].dend(0.5),9.6e-06,1.0
AguiarIN[0],AguiarWDR[0],NMDA_DynSyn[89],2.0,100.0,0.0,AguiarWDR[0].dend(0.5),9.6e-06,1.0
MelnickSG[0],AguiarWDR[0],Glycine_DynSyn[0],0.1,10.0,-70.0,AguiarWDR[0].dend(0.5),0.00532,1.0
MelnickSG[0],AguiarWDR[0],GABAa_DynSyn[4],0.1,20.0,-70.0,AguiarWDR[0].dend(0.5),0.00532,1.0
MelnickSG[1],AguiarIN[0],GABAa_DynSyn[1],0.1,20.0,-70.0,AguiarIN[0].dend(0.5),0.0,1.0
MelnickSG[1],AguiarWDR[0],GABAa_DynSyn[5],0.1,20.0,-70.0,AguiarWDR[0].dend(0.5),0.0,1.0
MelnickSG[1],AguiarWDR[0],GABAa_DynSyn[6],0.1,20.0,-70.0,AguiarWDR[0].dend(0.5),0.0,1.0
